<?xml version="1.0" encoding="utf-8" standalone="no" ?>
<modDesc descVersion="63">
	<author>Jason06</author>
	<version>1.0.0.0</version>
    <title>
		<en>Realistic Player Size</en>
		<de>Realistische Spielergröße</de>
    </title>
    <description>
		<en>
<![CDATA[
Mini-Hack: Reduces player size from 2.02m to 1.86m, because all players seems to be Giants... ;-)
]]>
		</en>	
		<de>
<![CDATA[
Mini-Hack: Reduziert die Größe des Spielers von 2.02m auf 1.86m.
]]>
		</de>
 	</description>	
    <multiplayer supported="true"/>
	<iconFilename>modIcon.dds</iconFilename>
	<extraSourceFiles>
        <sourceFile filename="realisticPlayerSize.lua" />
    </extraSourceFiles>
</modDesc>
